tradeId,startTime,endTime,side,entryPrice,exitPrice,size,grossPnL,fee,netPnL,returnPercent,entryReason,exitReason,holdingHours,entryVolumeRatio,entryVolumeInterpretation,entryADX,entryADXState
1,2026-08-07T08:35:08.175Z,2026-08-07T11:49:08.591Z,SHORT,64523.23,65035.71,2.0600,-1055.71,1.06,-1056.76,-0.80,🔴 SLOWDOWN (30s, score: 1.00); RSI EXTREME overbought (77.6); ⏰ Entering BEFORE RSI reversal,✅ RSI oversold (33.9) with rising trend - taking profit,3.23,1.00,NORMAL,N/A,N/A
2,2026-08-07T11:53:18.604Z,2026-08-07T13:22:08.771Z,LONG,65000.00,65262.16,2.0500,537.43,0.54,536.89,0.40,🟢 SLOWDOWN (1m, score: 1.00); RSI EXTREME oversold (17.4); ⏰ Entering BEFORE RSI reversal,✅ RSI overbought (66.3) with falling trend - taking profit,1.48,1.00,NORMAL,N/A,N/A
3,2026-08-07T13:24:28.778Z,2026-08-07T21:25:49.646Z,LONG,65216.49,64986.33,2.0400,-469.53,0.47,-470.00,-0.35,🟢 SLOWDOWN (30s, score: 1.00); RSI oversold (31.8); ⏰ Entering BEFORE RSI reversal,⏰ Max holding time reached (8.0 hours),8.02,1.00,NORMAL,N/A,N/A
4,2026-08-07T21:27:39.653Z,2026-08-07T21:49:29.685Z,SHORT,64986.34,64988.01,2.0500,-3.42,0.00,-3.43,-0.00,🔴 SLOWDOWN (5m, score: 1.00); RSI EXTREME overbought (72.5); ⏰ Entering BEFORE RSI reversal,✅ RSI oversold (30.1) with rising trend - taking profit,0.36,1.00,NORMAL,N/A,N/A
5,2026-08-07T21:52:19.689Z,2026-08-07T23:34:29.901Z,LONG,64967.87,64888.69,2.0500,-162.32,0.16,-162.48,-0.12,🟢 SLOWDOWN (10s, score: 1.00); RSI EXTREME oversold (10.0); ⏰ Entering BEFORE RSI reversal,✅ RSI overbought (84.3) with falling trend - taking profit,1.70,1.00,NORMAL,N/A,N/A
6,2026-08-07T23:41:29.908Z,2026-08-08T03:42:40.351Z,SHORT,64900.00,65012.00,2.0500,-229.60,0.23,-229.83,-0.17,🔴 SLOWDOWN (1m, score: 1.00); RSI EXTREME overbought (95.7); ⏰ Entering BEFORE RSI reversal,✅ RSI oversold (16.8) with rising trend - taking profit,4.02,1.00,NORMAL,N/A,N/A
7,2026-08-08T03:45:40.356Z,2026-08-08T07:43:10.786Z,SHORT,65015.60,64957.00,2.0500,120.13,0.12,120.01,0.09,🔴 SLOWDOWN (1m, score: 1.00); RSI EXTREME overbought (93.8); ⏰ Entering BEFORE RSI reversal,✅ RSI oversold (35.1) with rising trend - taking profit,3.96,1.00,NORMAL,N/A,N/A
8,2026-08-08T07:43:50.786Z,2026-08-08T14:27:21.565Z,LONG,64957.00,65114.00,2.0500,321.85,0.32,321.53,0.24,🟢 SLOWDOWN (30s, score: 1.00); RSI oversold (42.2); ⏰ Entering BEFORE RSI reversal,✅ RSI overbought (69.6) with falling trend - taking profit,6.73,1.00,NORMAL,N/A,N/A
9,2026-08-08T14:30:01.574Z,2026-08-08T15:11:11.646Z,SHORT,65136.69,65102.73,2.0400,69.28,0.07,69.21,0.05,🔴 SLOWDOWN (1m, score: 1.00); RSI overbought (55.7); ⏰ Entering BEFORE RSI reversal,✅ RSI oversold (32.2) with rising trend - taking profit,0.69,1.00,NORMAL,N/A,N/A
10,2026-08-08T15:12:21.649Z,2026-08-08T19:14:02.065Z,SHORT,65105.99,65021.01,2.0400,173.36,0.17,173.19,0.13,🔴 SLOWDOWN (1m, score: 1.00); RSI EXTREME overbought (93.9); ⏰ Entering BEFORE RSI reversal,✅ RSI oversold (4.8) with rising trend - taking profit,4.03,1.00,NORMAL,N/A,N/A
11,2026-08-08T19:14:22.062Z,2026-08-09T01:04:22.636Z,LONG,65021.01,64995.63,2.0500,-52.03,0.05,-52.08,-0.04,🟢 SLOWDOWN (1m, score: 1.00); RSI EXTREME oversold (6.0); ⏰ Entering BEFORE RSI reversal,✅ RSI overbought (65.4) with falling trend - taking profit,5.83,1.00,NORMAL,N/A,N/A
12,2026-08-09T01:07:32.635Z,2026-08-09T02:15:02.746Z,LONG,64986.11,64854.01,2.0500,-270.80,0.27,-271.08,-0.20,🟢 SLOWDOWN (1m, score: 1.00); RSI oversold (40.9); ⏰ Entering BEFORE RSI reversal,✅ RSI overbought (77.2) with falling trend - taking profit,1.13,1.00,NORMAL,N/A,N/A
13,2026-08-09T02:19:12.750Z,2026-08-09T03:25:42.849Z,LONG,64840.69,64779.99,2.0500,-124.44,0.12,-124.56,-0.09,🟢 SLOWDOWN (5m, score: 1.00); RSI EXTREME oversold (2.6); ⏰ Entering BEFORE RSI reversal,✅ RSI overbought (80.1) with falling trend - taking profit,1.11,1.00,NORMAL,N/A,N/A
14,2026-08-09T03:26:32.847Z,2026-08-09T03:47:42.886Z,SHORT,64779.99,64796.92,2.0500,-34.71,0.03,-34.74,-0.03,🔴 SLOWDOWN (5m, score: 1.00); RSI EXTREME overbought (72.8); ⏰ Entering BEFORE RSI reversal,✅ RSI oversold (36.8) with rising trend - taking profit,0.35,1.00,NORMAL,N/A,N/A
15,2026-08-09T03:48:22.888Z,2026-08-09T10:21:43.647Z,LONG,64796.93,64970.67,2.0500,356.17,0.36,355.81,0.27,🟢 SLOWDOWN (10s, score: 1.00); RSI oversold (44.1); ⏰ Entering BEFORE RSI reversal,✅ RSI overbought (70.3) with falling trend - taking profit,6.56,1.00,NORMAL,N/A,N/A
16,2026-08-09T10:22:33.651Z,2026-08-09T13:12:14.059Z,SHORT,64970.66,65017.89,2.0500,-96.82,0.10,-96.92,-0.07,🔴 SLOWDOWN (30s, score: 1.00); RSI EXTREME overbought (70.2); ⏰ Entering BEFORE RSI reversal,✅ RSI oversold (7.9) with rising trend - taking profit,2.83,1.00,NORMAL,N/A,N/A
17,2026-08-09T13:13:34.066Z,2026-08-09T14:08:44.198Z,LONG,65017.90,65232.00,2.0500,438.90,0.44,438.47,0.33,🟢 SLOWDOWN (1m, score: 1.00); RSI EXTREME oversold (12.9); ⏰ Entering BEFORE RSI reversal,✅ RSI overbought (82.4) with falling trend - taking profit,0.92,1.00,NORMAL,N/A,N/A
18,2026-08-09T14:10:04.195Z,2026-08-09T15:04:34.393Z,SHORT,65228.29,65225.29,2.0400,6.12,0.01,6.11,0.00,🔴 SLOWDOWN (10s, score: 1.00); RSI EXTREME overbought (76.2); ⏰ Entering BEFORE RSI reversal,✅ RSI oversold (22.1) with rising trend - taking profit,0.91,1.00,NORMAL,N/A,N/A
19,2026-08-09T15:07:34.394Z,2026-08-09T17:58:14.864Z,SHORT,65248.80,65198.69,2.0400,102.22,0.10,102.12,0.08,🔴 SLOWDOWN (30s, score: 1.00); RSI overbought (58.4); ⏰ Entering BEFORE RSI reversal,✅ RSI oversold (8.3) with rising trend - taking profit,2.84,1.00,NORMAL,N/A,N/A
20,2026-08-09T18:00:24.869Z,2026-08-09T19:19:35.069Z,LONG,65198.69,65209.99,2.0400,23.05,0.02,23.03,0.02,🟢 SLOWDOWN (5m, score: 1.00); RSI EXTREME oversold (16.3); ⏰ Entering BEFORE RSI reversal,✅ RSI overbought (89.8) with falling trend - taking profit,1.32,1.00,NORMAL,N/A,N/A
21,2026-08-09T19:19:45.068Z,2026-08-09T22:13:35.381Z,SHORT,65209.99,65269.96,2.0400,-122.34,0.12,-122.46,-0.09,🔴 SLOWDOWN (10s, score: 1.00); RSI EXTREME overbought (87.8); ⏰ Entering BEFORE RSI reversal,✅ RSI oversold (39.8) with rising trend - taking profit,2.90,1.00,NORMAL,N/A,N/A
22,2026-08-09T22:16:15.398Z,2026-08-09T22:40:15.451Z,SHORT,65364.01,64986.00,2.0300,767.36,0.77,766.59,0.58,🔴 SLOWDOWN (10s, score: 1.00); RSI overbought (57.3); ⏰ Entering BEFORE RSI reversal,✅ RSI oversold (36.6) with rising trend - taking profit,0.40,1.00,NORMAL,N/A,N/A
23,2026-08-09T22:54:25.487Z,2026-08-09T23:19:35.556Z,SHORT,65041.19,64998.00,2.0400,88.11,0.09,88.02,0.07,🔴 SLOWDOWN (30s, score: 1.00); RSI overbought (56.4); ⏰ Entering BEFORE RSI reversal,✅ RSI oversold (37.3) with rising trend - taking profit,0.42,1.00,NORMAL,N/A,N/A
24,2026-08-09T23:29:25.558Z,2026-08-10T01:16:45.752Z,LONG,64919.63,65022.01,2.0500,209.88,0.21,209.67,0.16,🟢 SLOWDOWN (10s, score: 1.00); RSI EXTREME oversold (26.0); ⏰ Entering BEFORE RSI reversal,✅ RSI overbought (66.6) with falling trend - taking profit,1.79,1.00,NORMAL,N/A,N/A
1,2026-08-10T07:56:30.109Z,2026-08-10T15:58:01.423Z,LONG,65204.09,64278.35,2.0400,-1888.51,1.89,-1890.40,-1.42,🟢 SLOWDOWN (5m, score: 1.00); RSI EXTREME oversold (5.9); ⏰ Entering BEFORE RSI reversal,⏰ Max holding time reached (8.0 hours),8.03,1.00,NORMAL,5.34,RANGING
2,2026-08-10T16:16:21.450Z,2026-08-10T16:29:51.470Z,LONG,64181.38,64123.63,2.0700,-119.54,0.12,-119.66,-0.09,🟢 SLOWDOWN (30s, score: 1.00); RSI oversold (42.4); ⏰ Entering BEFORE RSI reversal,✅ RSI overbought (61.4) with falling trend - taking profit,0.23,1.00,NORMAL,0.79,RANGING
3,2026-08-10T16:31:31.488Z,2026-08-10T17:13:21.586Z,LONG,64120.64,63999.47,2.0700,-250.82,0.25,-251.07,-0.19,🟢 SLOWDOWN (5m, score: 1.00); RSI oversold (36.2); ⏰ Entering BEFORE RSI reversal,✅ RSI overbought (65.8) with falling trend - taking profit,0.70,1.00,NORMAL,3.70,RANGING
4,2026-08-10T17:13:41.588Z,2026-08-10T17:39:11.650Z,SHORT,63999.47,63960.00,2.0800,82.10,0.08,82.02,0.06,🔴 SLOWDOWN (10s, score: 1.00); RSI overbought (62.4); ⏰ Entering BEFORE RSI reversal,✅ RSI oversold (22.5) with rising trend - taking profit,0.43,1.00,NORMAL,4.33,RANGING
5,2026-08-10T17:41:11.659Z,2026-08-10T17:45:51.677Z,SHORT,64001.60,63906.00,2.0800,198.85,0.20,198.65,0.15,🔴 SLOWDOWN (1h, score: 1.00); RSI overbought (62.3); ⏰ Entering BEFORE RSI reversal,✅ RSI oversold (25.9) with rising trend - taking profit,0.08,1.00,NORMAL,3.70,RANGING
6,2026-08-10T17:47:01.695Z,2026-08-10T18:23:01.797Z,LONG,63904.00,63948.02,2.0800,91.56,0.09,91.47,0.07,🟢 SLOWDOWN (30s, score: 1.00); RSI EXTREME oversold (25.7); ⏰ Entering BEFORE RSI reversal,✅ RSI overbought (60.8) with falling trend - taking profit,0.60,1.00,NORMAL,4.93,RANGING
7,2026-08-10T18:31:31.806Z,2026-08-10T19:29:31.934Z,LONG,63898.18,64016.64,2.0800,246.40,0.25,246.15,0.19,🟢 SLOWDOWN (10s, score: 1.00); RSI EXTREME oversold (19.1); ⏰ Entering BEFORE RSI reversal,✅ RSI overbought (70.6) with falling trend - taking profit,0.97,1.00,NORMAL,3.82,RANGING
8,2026-08-10T19:33:11.957Z,2026-08-10T21:05:22.181Z,SHORT,64074.19,64115.84,2.0800,-86.63,0.09,-86.72,-0.07,🔴 SLOWDOWN (30s, score: 1.00); RSI overbought (66.4); ⏰ Entering BEFORE RSI reversal,✅ RSI oversold (37.8) with rising trend - taking profit,1.54,1.00,NORMAL,3.70,RANGING
9,2026-08-10T21:09:42.174Z,2026-08-11T02:33:22.784Z,SHORT,64147.82,64053.51,2.0700,195.22,0.20,195.03,0.15,🔴 SLOWDOWN (1m, score: 1.00); RSI EXTREME overbought (98.9); ⏰ Entering BEFORE RSI reversal,✅ RSI oversold (27.9) with rising trend - taking profit,5.39,1.00,NORMAL,3.70,RANGING
10,2026-08-11T02:34:52.831Z,2026-08-11T03:19:42.860Z,LONG,64036.18,64137.24,2.0800,210.20,0.21,209.99,0.16,🟢 SLOWDOWN (1m, score: 1.00); RSI EXTREME oversold (7.8); ⏰ Entering BEFORE RSI reversal,✅ RSI overbought (82.2) with falling trend - taking profit,0.75,1.00,NORMAL,3.70,RANGING
11,2026-08-11T03:20:12.863Z,2026-08-11T04:32:03.036Z,SHORT,64136.01,64108.58,2.0700,56.78,0.06,56.72,0.04,🔴 SLOWDOWN (30s, score: 1.00); RSI EXTREME overbought (80.5); ⏰ Entering BEFORE RSI reversal,✅ RSI oversold (38.9) with rising trend - taking profit,1.20,1.00,NORMAL,4.81,RANGING
12,2026-08-11T04:33:33.040Z,2026-08-11T04:53:43.028Z,SHORT,64110.19,64044.07,2.0700,136.87,0.14,136.73,0.10,🔴 SLOWDOWN (30s, score: 1.00); RSI EXTREME overbought (91.1); ⏰ Entering BEFORE RSI reversal,✅ RSI oversold (13.1) with rising trend - taking profit,0.34,1.00,NORMAL,3.70,RANGING
13,2026-08-11T04:55:53.034Z,2026-08-11T07:01:43.279Z,LONG,64038.00,63988.19,2.0800,-103.60,0.10,-103.71,-0.08,🟢 SLOWDOWN (10s, score: 1.00); RSI oversold (30.7); ⏰ Entering BEFORE RSI reversal,✅ RSI overbought (83.3) with falling trend - taking profit,2.10,1.00,NORMAL,5.31,RANGING
14,2026-08-11T07:04:13.278Z,2026-08-11T08:14:53.385Z,SHORT,63981.84,64048.99,2.0800,-139.67,0.14,-139.81,-0.11,🔴 SLOWDOWN (30s, score: 1.00); RSI overbought (69.3); ⏰ Entering BEFORE RSI reversal,✅ RSI oversold (22.5) with rising trend - taking profit,1.18,1.00,NORMAL,5.22,RANGING
15,2026-08-11T08:22:13.421Z,2026-08-11T09:22:33.995Z,LONG,64060.60,64165.70,2.0800,218.61,0.22,218.39,0.16,🟢 SLOWDOWN (10s, score: 1.00); RSI oversold (40.3); ⏰ Entering BEFORE RSI reversal,✅ RSI overbought (61.4) with falling trend - taking profit,1.01,1.00,NORMAL,5.79,RANGING
16,2026-08-11T09:24:23.523Z,2026-08-11T09:36:43.527Z,SHORT,64193.31,64185.57,2.0700,16.02,0.02,16.01,0.01,🔴 SLOWDOWN (30s, score: 1.00); RSI overbought (59.3); ⏰ Entering BEFORE RSI reversal,✅ RSI oversold (12.8) with rising trend - taking profit,0.21,1.00,NORMAL,4.70,RANGING
17,2026-08-11T09:37:53.550Z,2026-08-11T09:46:33.544Z,LONG,64185.54,64258.61,2.0700,151.25,0.15,151.10,0.11,🟢 SLOWDOWN (5m, score: 1.00); RSI EXTREME oversold (29.9); ⏰ Entering BEFORE RSI reversal,✅ RSI overbought (81.4) with falling trend - taking profit,0.14,1.00,NORMAL,4.49,RANGING
18,2026-08-11T09:49:33.568Z,2026-08-11T10:13:03.635Z,SHORT,64269.39,64254.84,2.0700,30.12,0.03,30.09,0.02,🔴 SLOWDOWN (10s, score: 1.00); RSI EXTREME overbought (96.1); ⏰ Entering BEFORE RSI reversal,✅ RSI oversold (23.1) with rising trend - taking profit,0.39,1.00,NORMAL,5.38,RANGING
19,2026-08-11T10:15:53.662Z,2026-08-11T16:51:14.369Z,LONG,64238.81,63539.21,2.0700,-1448.17,1.45,-1449.62,-1.09,🟢 SLOWDOWN (1h, score: 1.00); RSI EXTREME oversold (10.9); ⏰ Entering BEFORE RSI reversal,✅ RSI overbought (71.0) with falling trend - taking profit,6.59,1.00,NORMAL,4.65,RANGING
20,2026-08-11T16:51:44.363Z,2026-08-11T17:51:44.507Z,SHORT,63539.21,63557.26,2.0900,-37.72,0.04,-37.76,-0.03,🔴 SLOWDOWN (30s, score: 1.00); RSI EXTREME overbought (71.1); ⏰ Entering BEFORE RSI reversal,✅ RSI oversold (39.3) with rising trend - taking profit,1.00,1.00,NORMAL,3.70,RANGING
21,2026-08-11T17:51:54.491Z,2026-08-11T17:56:04.493Z,LONG,63557.26,63623.52,2.0900,138.48,0.14,138.34,0.10,🟢 SLOWDOWN (5m, score: 1.00); RSI EXTREME oversold (28.2); ⏰ Entering BEFORE RSI reversal,✅ RSI overbought (88.6) with falling trend - taking profit,0.07,1.00,NORMAL,3.70,RANGING
22,2026-08-11T17:56:34.496Z,2026-08-11T18:08:14.518Z,SHORT,63618.15,63560.01,2.0900,121.51,0.12,121.39,0.09,🔴 SLOWDOWN (30s, score: 1.00); RSI EXTREME overbought (83.4); ⏰ Entering BEFORE RSI reversal,✅ RSI oversold (19.1) with rising trend - taking profit,0.19,1.00,NORMAL,3.70,RANGING
23,2026-08-11T18:09:04.501Z,2026-08-11T19:01:04.619Z,LONG,63550.01,63365.10,2.0900,-386.46,0.39,-386.85,-0.29,🟢 SLOWDOWN (30s, score: 1.00); RSI EXTREME oversold (17.0); ⏰ Entering BEFORE RSI reversal,✅ RSI overbought (67.4) with falling trend - taking profit,0.87,1.00,NORMAL,5.76,RANGING
24,2026-08-11T19:05:24.643Z,2026-08-11T19:46:24.708Z,LONG,63345.58,63469.20,2.1000,259.60,0.26,259.34,0.19,🟢 SLOWDOWN (15m, score: 1.00); RSI oversold (36.4); ⏰ Entering BEFORE RSI reversal,✅ RSI overbought (70.7) with falling trend - taking profit,0.68,1.00,NORMAL,3.70,RANGING
25,2026-08-11T19:51:24.693Z,2026-08-11T19:56:24.707Z,LONG,63419.30,63483.98,2.1000,135.83,0.14,135.69,0.10,🟢 SLOWDOWN (5m, score: 1.00); RSI oversold (33.6); ⏰ Entering BEFORE RSI reversal,✅ RSI overbought (80.1) with falling trend - taking profit,0.08,1.00,NORMAL,3.70,RANGING
26,2026-08-11T19:56:34.701Z,2026-08-11T21:20:44.875Z,SHORT,63483.98,63683.20,2.1000,-418.36,0.42,-418.78,-0.31,🔴 SLOWDOWN (10s, score: 1.00); RSI EXTREME overbought (79.9); ⏰ Entering BEFORE RSI reversal,✅ RSI oversold (28.7) with rising trend - taking profit,1.40,1.00,NORMAL,3.70,RANGING
27,2026-08-11T21:20:54.876Z,2026-08-11T22:53:45.028Z,LONG,63683.20,63660.58,2.0900,-47.28,0.05,-47.32,-0.04,🟢 SLOWDOWN (1m, score: 1.00); RSI EXTREME oversold (28.7); ⏰ Entering BEFORE RSI reversal,✅ RSI overbought (81.3) with falling trend - taking profit,1.55,1.00,NORMAL,3.70,RANGING
28,2026-08-11T22:55:55.037Z,2026-08-11T23:08:35.104Z,SHORT,63660.56,63574.90,2.0900,179.03,0.18,178.85,0.13,🔴 SLOWDOWN (1m, score: 1.00); RSI EXTREME overbought (75.6); ⏰ Entering BEFORE RSI reversal,✅ RSI oversold (27.0) with rising trend - taking profit,0.21,1.00,NORMAL,4.89,RANGING
29,2026-08-11T23:09:45.101Z,2026-08-11T23:14:05.090Z,LONG,63573.18,63580.00,2.0900,14.25,0.01,14.24,0.01,🟢 SLOWDOWN (1m, score: 1.00); RSI oversold (32.7); ⏰ Entering BEFORE RSI reversal,✅ RSI overbought (68.1) with falling trend - taking profit,0.07,1.00,NORMAL,5.31,RANGING
30,2026-08-11T23:14:55.094Z,2026-08-12T00:00:45.174Z,SHORT,63580.01,63576.57,2.0900,7.19,0.01,7.18,0.01,🔴 SLOWDOWN (10s, score: 1.00); RSI overbought (60.4); ⏰ Entering BEFORE RSI reversal,✅ RSI oversold (25.1) with rising trend - taking profit,0.76,1.00,NORMAL,3.70,RANGING
31,2026-08-12T00:03:05.196Z,2026-08-12T00:19:05.254Z,LONG,63582.72,63615.93,2.0900,69.41,0.07,69.34,0.05,🟢 SLOWDOWN (30s, score: 1.00); RSI oversold (41.5); ⏰ Entering BEFORE RSI reversal,✅ RSI overbought (62.6) with falling trend - taking profit,0.27,1.00,NORMAL,3.70,RANGING
32,2026-08-12T00:44:25.308Z,2026-08-12T02:35:35.493Z,SHORT,63718.00,63834.55,2.0900,-243.59,0.24,-243.83,-0.18,🔴 SLOWDOWN (10s, score: 1.00); RSI overbought (67.8); ⏰ Entering BEFORE RSI reversal,✅ RSI oversold (16.8) with rising trend - taking profit,1.85,1.00,NORMAL,5.04,RANGING
33,2026-08-12T02:43:35.511Z,2026-08-12T05:34:45.833Z,LONG,63778.47,63860.81,2.0900,172.09,0.17,171.92,0.13,🟢 SLOWDOWN (30s, score: 1.00); RSI oversold (39.5); ⏰ Entering BEFORE RSI reversal,✅ RSI overbought (77.5) with falling trend - taking profit,2.85,1.00,NORMAL,3.70,RANGING
34,2026-08-12T05:35:25.843Z,2026-08-12T05:51:45.846Z,SHORT,63859.53,63831.28,2.0800,58.76,0.06,58.70,0.04,🔴 SLOWDOWN (30s, score: 1.00); RSI EXTREME overbought (72.8); ⏰ Entering BEFORE RSI reversal,✅ RSI oversold (31.6) with rising trend - taking profit,0.27,1.00,NORMAL,3.70,RANGING
35,2026-08-12T05:52:55.856Z,2026-08-12T06:46:15.961Z,LONG,63843.81,63663.17,2.0800,-375.73,0.38,-376.11,-0.28,🟢 SLOWDOWN (30s, score: 1.00); RSI oversold (43.0); ⏰ Entering BEFORE RSI reversal,✅ RSI overbought (66.0) with falling trend - taking profit,0.89,1.00,NORMAL,3.70,RANGING
36,2026-08-12T06:47:45.956Z,2026-08-12T07:13:16.014Z,SHORT,63679.13,63758.01,2.0900,-164.86,0.16,-165.02,-0.12,🔴 SLOWDOWN (30s, score: 1.00); RSI EXTREME overbought (76.0); ⏰ Entering BEFORE RSI reversal,✅ RSI oversold (8.2) with rising trend - taking profit,0.43,1.00,NORMAL,3.70,RANGING
37,2026-08-12T07:13:36.462Z,2026-08-12T08:00:26.107Z,LONG,63759.28,63828.01,2.0900,143.65,0.14,143.50,0.11,🟢 SLOWDOWN (5m, score: 1.00); RSI EXTREME oversold (10.7); ⏰ Entering BEFORE RSI reversal,✅ RSI overbought (83.7) with falling trend - taking profit,0.78,1.00,NORMAL,3.70,RANGING
38,2026-08-12T08:03:46.119Z,2026-08-12T08:15:26.536Z,SHORT,63841.59,63791.76,2.0800,103.65,0.10,103.54,0.08,🔴 SLOWDOWN (10s, score: 1.00); RSI overbought (56.6); ⏰ Entering BEFORE RSI reversal,✅ RSI oversold (38.6) with rising trend - taking profit,0.19,1.00,NORMAL,1.62,RANGING
39,2026-08-12T08:20:26.104Z,2026-08-12T10:46:36.481Z,SHORT,63821.00,64131.99,2.0800,-646.86,0.65,-647.51,-0.49,🔴 SLOWDOWN (30s, score: 1.00); RSI EXTREME overbought (98.3); ⏰ Entering BEFORE RSI reversal,✅ RSI oversold (37.2) with rising trend - taking profit,2.44,1.00,NORMAL,4.24,RANGING
40,2026-08-12T10:47:56.483Z,2026-08-12T10:56:06.486Z,LONG,64120.64,64156.02,2.0700,73.24,0.07,73.16,0.06,🟢 SLOWDOWN (10s, score: 1.00); RSI EXTREME oversold (27.8); ⏰ Entering BEFORE RSI reversal,✅ RSI overbought (96.0) with falling trend - taking profit,0.14,1.00,NORMAL,1.83,RANGING
41,2026-08-12T10:59:46.488Z,2026-08-12T11:51:26.614Z,LONG,64143.36,64239.25,2.0700,198.49,0.20,198.29,0.15,🟢 SLOWDOWN (5m, score: 1.00); RSI EXTREME oversold (23.9); ⏰ Entering BEFORE RSI reversal,✅ RSI overbought (79.7) with falling trend - taking profit,0.86,1.00,NORMAL,5.53,RANGING
42,2026-08-12T11:57:56.616Z,2026-08-12T12:17:16.665Z,LONG,64231.39,64349.65,2.0700,244.80,0.24,244.55,0.18,🟢 SLOWDOWN (5m, score: 1.00); RSI EXTREME oversold (10.1); ⏰ Entering BEFORE RSI reversal,✅ RSI overbought (68.0) with falling trend - taking profit,0.32,1.00,NORMAL,5.42,RANGING
43,2026-08-12T12:42:16.745Z,2026-08-12T16:16:47.342Z,LONG,64080.01,63472.52,2.0800,-1263.58,1.26,-1264.84,-0.95,🟢 SLOWDOWN (30s, score: 1.00); RSI oversold (42.4); ⏰ Entering BEFORE RSI reversal,✅ RSI overbought (62.2) with falling trend - taking profit,3.58,1.00,NORMAL,5.52,RANGING
44,2026-08-12T16:20:57.302Z,2026-08-12T16:36:07.376Z,SHORT,63516.01,63538.01,2.0900,-45.98,0.05,-46.03,-0.03,🔴 SLOWDOWN (30s, score: 1.00); RSI overbought (58.7); ⏰ Entering BEFORE RSI reversal,✅ RSI oversold (36.9) with rising trend - taking profit,0.25,1.00,NORMAL,3.70,RANGING
45,2026-08-12T16:36:27.376Z,2026-08-12T17:33:27.528Z,LONG,63538.01,63464.70,2.0900,-153.22,0.15,-153.37,-0.12,🟢 SLOWDOWN (30s, score: 1.00); RSI oversold (44.7); ⏰ Entering BEFORE RSI reversal,✅ RSI overbought (64.6) with falling trend - taking profit,0.95,1.00,NORMAL,3.70,RANGING
46,2026-08-12T17:37:47.540Z,2026-08-12T18:41:27.711Z,SHORT,63504.00,63453.36,2.0900,105.84,0.11,105.73,0.08,🔴 SLOWDOWN (1m, score: 1.00); RSI EXTREME overbought (73.4); ⏰ Entering BEFORE RSI reversal,✅ RSI oversold (30.4) with rising trend - taking profit,1.06,1.00,NORMAL,4.91,RANGING
47,2026-08-12T18:42:07.710Z,2026-08-12T19:18:47.816Z,LONG,63450.33,63452.81,2.1000,5.21,0.01,5.20,0.00,🟢 SLOWDOWN (10s, score: 1.00); RSI oversold (32.3); ⏰ Entering BEFORE RSI reversal,✅ RSI overbought (70.1) with falling trend - taking profit,0.61,1.00,NORMAL,4.73,RANGING
48,2026-08-12T19:19:57.814Z,2026-08-12T19:25:47.820Z,SHORT,63439.02,63334.41,2.1000,219.68,0.22,219.46,0.16,🔴 SLOWDOWN (10s, score: 1.00); RSI EXTREME overbought (70.3); ⏰ Entering BEFORE RSI reversal,✅ RSI oversold (20.7) with rising trend - taking profit,0.10,1.00,NORMAL,3.70,RANGING
49,2026-08-12T19:30:57.827Z,2026-08-12T22:34:48.193Z,SHORT,63368.01,63418.12,2.1000,-105.23,0.11,-105.34,-0.08,🔴 SLOWDOWN (30s, score: 1.00); RSI overbought (63.0); ⏰ Entering BEFORE RSI reversal,✅ RSI oversold (25.6) with rising trend - taking profit,3.06,1.00,NORMAL,5.18,RANGING
50,2026-08-12T22:36:28.192Z,2026-08-12T22:51:28.232Z,LONG,63385.76,63419.82,2.1000,71.53,0.07,71.45,0.05,🟢 SLOWDOWN (30s, score: 1.00); RSI EXTREME oversold (23.4); ⏰ Entering BEFORE RSI reversal,✅ RSI overbought (61.6) with falling trend - taking profit,0.25,1.00,NORMAL,5.31,RANGING
51,2026-08-12T22:55:28.225Z,2026-08-12T23:25:58.332Z,SHORT,63432.91,63394.19,2.1000,81.31,0.08,81.23,0.06,🔴 SLOWDOWN (1m, score: 1.00); RSI overbought (67.4); ⏰ Entering BEFORE RSI reversal,✅ RSI oversold (30.7) with rising trend - taking profit,0.51,1.00,NORMAL,5.38,RANGING
52,2026-08-12T23:26:58.330Z,2026-08-12T23:32:48.340Z,LONG,63394.01,63449.91,2.1000,117.39,0.12,117.27,0.09,🟢 SLOWDOWN (30s, score: 1.00); RSI oversold (42.4); ⏰ Entering BEFORE RSI reversal,✅ RSI overbought (77.1) with falling trend - taking profit,0.10,1.00,NORMAL,3.70,RANGING
53,2026-08-12T23:33:18.345Z,2026-08-12T23:42:58.371Z,SHORT,63449.90,63425.01,2.1000,52.27,0.05,52.22,0.04,🔴 SLOWDOWN (1m, score: 1.00); RSI EXTREME overbought (75.2); ⏰ Entering BEFORE RSI reversal,✅ RSI oversold (38.3) with rising trend - taking profit,0.16,1.00,NORMAL,3.70,RANGING
54,2026-08-12T23:44:48.389Z,2026-08-12T23:51:28.396Z,LONG,63390.00,63429.41,2.1000,82.76,0.08,82.68,0.06,🟢 SLOWDOWN (1m, score: 1.00); RSI oversold (30.3); ⏰ Entering BEFORE RSI reversal,✅ RSI overbought (74.6) with falling trend - taking profit,0.11,1.00,NORMAL,3.70,RANGING
55,2026-08-12T23:52:38.406Z,2026-08-13T00:42:38.494Z,SHORT,63425.18,63509.17,2.1000,-176.38,0.18,-176.56,-0.13,🔴 SLOWDOWN (30s, score: 1.00); RSI overbought (69.4); ⏰ Entering BEFORE RSI reversal,✅ RSI oversold (15.3) with rising trend - taking profit,0.83,1.00,NORMAL,3.70,RANGING
56,2026-08-13T00:50:18.501Z,2026-08-13T02:02:48.614Z,SHORT,63579.99,63466.00,2.0900,238.24,0.24,238.00,0.18,🔴 SLOWDOWN (15m, score: 1.00); RSI EXTREME overbought (72.4); ⏰ Entering BEFORE RSI reversal,✅ RSI oversold (37.7) with rising trend - taking profit,1.21,1.00,NORMAL,4.37,RANGING
57,2026-08-13T02:11:58.627Z,2026-08-13T02:20:18.645Z,SHORT,63444.30,63449.14,2.1000,-10.16,0.01,-10.17,-0.01,🔴 SLOWDOWN (10s, score: 1.00); RSI overbought (57.0); ⏰ Entering BEFORE RSI reversal,✅ RSI oversold (36.7) with rising trend - taking profit,0.14,1.00,NORMAL,4.91,RANGING
58,2026-08-13T02:21:38.645Z,2026-08-13T03:00:48.726Z,SHORT,63458.00,63550.01,2.1000,-193.22,0.19,-193.41,-0.15,🔴 SLOWDOWN (30s, score: 1.00); RSI overbought (63.9); ⏰ Entering BEFORE RSI reversal,✅ RSI oversold (26.0) with rising trend - taking profit,0.65,1.00,NORMAL,3.70,RANGING
59,2026-08-13T03:04:38.731Z,2026-08-13T04:40:48.908Z,LONG,63531.06,63681.88,2.0900,315.21,0.32,314.90,0.24,🟢 SLOWDOWN (30s, score: 1.00); RSI oversold (33.3); ⏰ Entering BEFORE RSI reversal,✅ RSI overbought (62.9) with falling trend - taking profit,1.60,1.00,NORMAL,3.70,RANGING
60,2026-08-13T04:42:28.915Z,2026-08-13T04:47:58.918Z,LONG,63688.00,63754.73,2.0900,139.47,0.14,139.33,0.10,🟢 SLOWDOWN (5m, score: 1.00); RSI oversold (42.6); ⏰ Entering BEFORE RSI reversal,✅ RSI overbought (61.2) with falling trend - taking profit,0.09,1.00,NORMAL,3.70,RANGING
61,2026-08-13T04:57:48.933Z,2026-08-13T07:37:59.233Z,SHORT,63731.20,63892.29,2.0900,-336.68,0.34,-337.01,-0.25,🔴 SLOWDOWN (1m, score: 1.00); RSI overbought (58.3); ⏰ Entering BEFORE RSI reversal,✅ RSI oversold (8.6) with rising trend - taking profit,2.67,1.00,NORMAL,5.04,RANGING
1,2026-08-13T07:57:04.665Z,2026-08-13T08:29:24.722Z,SHORT,63861.36,63784.60,3.1300,240.26,0.24,240.02,0.12,🔴 SLOWDOWN (10s, score: 1.00); RSI EXTREME overbought (90.9); ⏰ Entering BEFORE RSI reversal,✅ RSI oversold (20.6) with rising trend - taking profit,0.54,1.00,NORMAL,3.70,RANGING
2,2026-08-13T08:34:14.718Z,2026-08-13T09:01:54.770Z,LONG,63775.00,63766.81,3.1300,-25.63,0.03,-25.66,-0.01,🟢 SLOWDOWN (5m, score: 1.00); RSI EXTREME oversold (35.2); ⏰ Entering BEFORE RSI reversal,✅ RSI overbought (78.8) with falling trend - taking profit,0.46,1.00,NORMAL,5.86,RANGING
3,2026-08-13T09:08:04.800Z,2026-08-13T09:54:34.876Z,LONG,63700.00,63764.81,3.1300,202.86,0.20,202.65,0.10,🟢 SLOWDOWN (1m, score: 1.00); RSI EXTREME oversold (12.8); ⏰ Entering BEFORE RSI reversal,✅ RSI overbought (87.3) with falling trend - taking profit,0.78,1.00,NORMAL,5.38,RANGING
4,2026-08-13T09:55:04.895Z,2026-08-13T10:04:44.924Z,SHORT,63764.81,63705.45,3.1300,185.80,0.19,185.61,0.09,🔴 SLOWDOWN (10s, score: 1.00); RSI EXTREME overbought (87.3); ⏰ Entering BEFORE RSI reversal,✅ RSI oversold (35.4) with rising trend - taking profit,0.16,1.00,NORMAL,5.12,RANGING
5,2026-08-13T10:09:04.899Z,2026-08-13T11:41:55.089Z,LONG,63636.00,63452.29,3.1400,-576.85,0.58,-577.43,-0.29,🟢 SLOWDOWN (1m, score: 1.00); RSI EXTREME oversold (43.1); ⏰ Entering BEFORE RSI reversal,✅ RSI overbought (63.9) with falling trend - taking profit,1.55,1.00,NORMAL,3.70,RANGING
6,2026-08-13T11:47:45.105Z,2026-08-13T14:57:45.439Z,SHORT,63502.40,63880.28,3.1400,-1186.54,1.19,-1187.73,-0.60,🔴 SLOWDOWN (1m, score: 1.00); RSI EXTREME overbought (79.7); ⏰ Entering BEFORE RSI reversal,✅ RSI oversold (39.2) with rising trend - taking profit,3.17,1.00,NORMAL,5.25,RANGING
7,2026-08-13T15:01:25.443Z,2026-08-13T15:57:45.574Z,SHORT,63924.37,63560.54,3.1200,1135.15,1.14,1134.01,0.57,🔴 SLOWDOWN (10s, score: 1.00); RSI EXTREME overbought (58.4); ⏰ Entering BEFORE RSI reversal,✅ RSI oversold (38.3) with rising trend - taking profit,0.94,1.00,NORMAL,4.06,RANGING
8,2026-08-13T15:58:15.575Z,2026-08-13T19:07:05.960Z,LONG,63508.05,63405.46,3.1400,-322.13,0.32,-322.45,-0.16,🟢 SLOWDOWN (30s, score: 1.00); RSI EXTREME oversold (37.1); ⏰ Entering BEFORE RSI reversal,✅ RSI overbought (66.4) with falling trend - taking profit,3.15,1.00,NORMAL,1.47,RANGING
9,2026-08-13T19:10:45.965Z,2026-08-13T20:52:36.179Z,SHORT,63456.00,63393.65,3.1500,196.40,0.20,196.21,0.10,🔴 SLOWDOWN (30s, score: 1.00); RSI EXTREME overbought (63.3); ⏰ Entering BEFORE RSI reversal,✅ RSI oversold (38.0) with rising trend - taking profit,1.70,1.00,NORMAL,3.70,RANGING
10,2026-08-13T21:09:16.228Z,2026-08-14T05:19:17.317Z,LONG,63442.43,63344.35,3.1500,-308.95,0.31,-309.26,-0.15,🟢 SLOWDOWN (30s, score: 1.00); RSI EXTREME oversold (41.0); ⏰ Entering BEFORE RSI reversal,⏰ Max holding time reached (8.2 hours),8.17,1.00,NORMAL,5.98,RANGING
11,2026-08-14T05:24:27.328Z,2026-08-14T10:15:47.956Z,LONG,63289.33,62853.99,3.1600,-1375.67,1.38,-1377.05,-0.69,🟢 SLOWDOWN (30s, score: 1.00); RSI EXTREME oversold (28.7); ⏰ Entering BEFORE RSI reversal,✅ RSI overbought (63.6) with falling trend - taking profit,4.86,1.00,NORMAL,3.70,RANGING
12,2026-08-14T10:20:17.980Z,2026-08-14T12:11:28.167Z,SHORT,62900.01,62792.68,3.1700,340.24,0.34,339.90,0.17,🔴 SLOWDOWN (5m, score: 1.00); RSI EXTREME overbought (71.8); ⏰ Entering BEFORE RSI reversal,✅ RSI oversold (37.6) with rising trend - taking profit,1.85,1.00,NORMAL,3.70,RANGING
13,2026-08-14T12:15:18.169Z,2026-08-14T13:01:58.254Z,SHORT,62827.46,62729.78,3.1800,310.62,0.31,310.31,0.16,🔴 SLOWDOWN (10s, score: 1.00); RSI EXTREME overbought (57.5); ⏰ Entering BEFORE RSI reversal,✅ RSI oversold (35.5) with rising trend - taking profit,0.78,1.00,NORMAL,3.70,RANGING
14,2026-08-14T13:02:08.278Z,2026-08-14T20:23:29.145Z,LONG,62732.18,62969.73,3.1800,755.41,0.76,754.65,0.38,🟢 SLOWDOWN (10s, score: 1.00); RSI EXTREME oversold (37.1); ⏰ Entering BEFORE RSI reversal,✅ RSI overbought (69.8) with falling trend - taking profit,7.36,1.00,NORMAL,1.86,RANGING
15,2026-08-14T20:33:59.165Z,2026-08-15T00:58:39.734Z,LONG,62934.90,63021.28,3.1700,273.82,0.27,273.55,0.14,🟢 SLOWDOWN (30s, score: 1.00); RSI EXTREME oversold (25.9); ⏰ Entering BEFORE RSI reversal,✅ RSI overbought (83.0) with falling trend - taking profit,4.41,1.00,NORMAL,5.35,RANGING
16,2026-08-15T01:04:49.753Z,2026-08-15T09:05:01.003Z,LONG,63006.04,62922.01,3.1700,-266.38,0.27,-266.64,-0.13,🟢 SLOWDOWN (1m, score: 1.00); RSI EXTREME oversold (9.1); ⏰ Entering BEFORE RSI reversal,⏰ Max holding time reached (8.0 hours),8.00,1.00,NORMAL,3.70,RANGING
17,2026-08-15T09:05:11.003Z,2026-08-15T13:29:01.549Z,LONG,62922.01,63043.25,3.1700,384.33,0.38,383.95,0.19,🟢 SLOWDOWN (1m, score: 1.00); RSI EXTREME oversold (24.2); ⏰ Entering BEFORE RSI reversal,✅ RSI overbought (69.8) with falling trend - taking profit,4.40,1.00,NORMAL,5.27,RANGING
18,2026-08-15T13:31:31.558Z,2026-08-15T16:31:51.883Z,LONG,63031.47,63119.87,3.1700,280.23,0.28,279.95,0.14,🟢 SLOWDOWN (5m, score: 1.00); RSI EXTREME oversold (3.7); ⏰ Entering BEFORE RSI reversal,✅ RSI overbought (62.5) with falling trend - taking profit,3.01,1.00,NORMAL,4.97,RANGING
19,2026-08-15T16:36:01.890Z,2026-08-16T00:44:52.892Z,LONG,63095.90,63069.99,3.1600,-81.88,0.08,-81.96,-0.04,🟢 SLOWDOWN (30s, score: 1.00); RSI EXTREME oversold (21.0); ⏰ Entering BEFORE RSI reversal,⏰ Max holding time reached (8.1 hours),8.15,1.00,NORMAL,3.70,RANGING
20,2026-08-16T00:46:53.001Z,2026-08-16T01:57:32.929Z,SHORT,63083.80,63054.69,3.1700,92.28,0.09,92.19,0.05,🔴 SLOWDOWN (30s, score: 1.00); RSI EXTREME overbought (96.5); ⏰ Entering BEFORE RSI reversal,✅ RSI oversold (7.4) with rising trend - taking profit,1.18,1.00,NORMAL,5.39,RANGING
21,2026-08-16T01:58:22.931Z,2026-08-16T10:02:03.781Z,LONG,63054.69,62979.02,3.1700,-239.87,0.24,-240.11,-0.12,🟢 SLOWDOWN (5m, score: 1.00); RSI EXTREME oversold (6.8); ⏰ Entering BEFORE RSI reversal,⏰ Max holding time reached (8.1 hours),8.06,1.00,NORMAL,3.70,RANGING
22,2026-08-16T10:02:13.767Z,2026-08-16T12:03:34.016Z,LONG,62979.02,63013.66,3.1700,109.81,0.11,109.70,0.05,🟢 SLOWDOWN (1m, score: 1.00); RSI EXTREME oversold (25.3); ⏰ Entering BEFORE RSI reversal,✅ RSI overbought (86.8) with falling trend - taking profit,2.02,1.00,NORMAL,3.70,RANGING
23,2026-08-16T12:07:54.006Z,2026-08-16T20:13:24.888Z,SHORT,63025.42,63135.26,3.1700,-348.19,0.35,-348.54,-0.17,🔴 SLOWDOWN (5m, score: 1.00); RSI EXTREME overbought (96.2); ⏰ Entering BEFORE RSI reversal,⏰ Max holding time reached (8.1 hours),8.09,1.00,NORMAL,3.70,RANGING
24,2026-08-16T20:20:04.894Z,2026-08-17T04:24:25.895Z,LONG,63127.44,63517.24,3.1600,1231.77,1.23,1230.54,0.62,🟢 SLOWDOWN (5m, score: 1.00); RSI EXTREME oversold (4.9); ⏰ Entering BEFORE RSI reversal,⏰ Max holding time reached (8.1 hours),8.07,1.00,NORMAL,5.31,RANGING
25,2026-08-17T04:27:15.910Z,2026-08-17T06:12:16.187Z,LONG,63496.06,63586.00,3.1400,282.41,0.28,282.13,0.14,🟢 SLOWDOWN (1m, score: 1.00); RSI EXTREME oversold (33.4); ⏰ Entering BEFORE RSI reversal,✅ RSI overbought (61.9) with falling trend - taking profit,1.75,1.00,NORMAL,4.39,RANGING
26,2026-08-17T06:16:26.207Z,2026-08-17T11:41:17.022Z,LONG,63581.26,63692.36,3.1400,348.85,0.35,348.51,0.17,🟢 SLOWDOWN (30s, score: 1.00); RSI EXTREME oversold (41.5); ⏰ Entering BEFORE RSI reversal,✅ RSI overbought (83.2) with falling trend - taking profit,5.41,1.00,NORMAL,3.70,RANGING
27,2026-08-17T11:46:57.033Z,2026-08-17T12:07:47.063Z,SHORT,63736.35,63595.56,3.1300,440.67,0.44,440.23,0.22,🔴 SLOWDOWN (30s, score: 1.00); RSI EXTREME overbought (77.1); ⏰ Entering BEFORE RSI reversal,✅ RSI oversold (26.1) with rising trend - taking profit,0.35,1.00,NORMAL,4.39,RANGING
28,2026-08-17T12:11:57.068Z,2026-08-17T12:28:27.088Z,SHORT,63617.80,63574.57,3.1400,135.74,0.14,135.61,0.07,🔴 SLOWDOWN (30s, score: 1.00); RSI EXTREME overbought (58.6); ⏰ Entering BEFORE RSI reversal,✅ RSI oversold (39.5) with rising trend - taking profit,0.28,1.00,NORMAL,5.64,RANGING
29,2026-08-17T12:29:57.099Z,2026-08-17T20:33:18.295Z,LONG,63579.57,64360.27,3.1400,2451.40,2.45,2448.95,1.23,🟢 SLOWDOWN (30s, score: 1.00); RSI EXTREME oversold (41.2); ⏰ Entering BEFORE RSI reversal,⏰ Max holding time reached (8.1 hours),8.06,1.00,NORMAL,4.57,RANGING
30,2026-08-17T20:58:48.330Z,2026-08-18T00:04:08.691Z,SHORT,64388.01,64482.33,3.1000,-292.39,0.29,-292.68,-0.15,🔴 SLOWDOWN (1m, score: 1.00); RSI EXTREME overbought (56.1); ⏰ Entering BEFORE RSI reversal,✅ RSI oversold (24.2) with rising trend - taking profit,3.09,1.00,NORMAL,5.79,RANGING
31,2026-08-18T00:06:28.690Z,2026-08-18T03:40:59.067Z,LONG,64482.34,64134.22,3.1000,-1079.17,1.08,-1080.25,-0.54,🟢 SLOWDOWN (5m, score: 1.00); RSI EXTREME oversold (5.5); ⏰ Entering BEFORE RSI reversal,✅ RSI overbought (79.8) with falling trend - taking profit,3.58,1.00,NORMAL,2.86,RANGING
32,2026-08-18T03:41:09.068Z,2026-08-18T05:27:29.283Z,SHORT,64134.22,64216.79,3.1100,-256.79,0.26,-257.05,-0.13,🔴 SLOWDOWN (5m, score: 1.00); RSI EXTREME overbought (79.8); ⏰ Entering BEFORE RSI reversal,✅ RSI oversold (36.4) with rising trend - taking profit,1.77,1.00,NORMAL,3.70,RANGING
33,2026-08-18T05:27:39.281Z,2026-08-18T06:34:09.414Z,LONG,64216.79,64391.71,3.1100,544.00,0.54,543.46,0.27,🟢 SLOWDOWN (5m, score: 1.00); RSI EXTREME oversold (39.0); ⏰ Entering BEFORE RSI reversal,✅ RSI overbought (73.4) with falling trend - taking profit,1.11,1.00,NORMAL,5.19,RANGING
34,2026-08-18T06:35:19.397Z,2026-08-18T07:27:19.489Z,SHORT,64381.04,64308.21,3.1000,225.77,0.23,225.55,0.11,🔴 SLOWDOWN (1m, score: 1.00); RSI EXTREME overbought (64.2); ⏰ Entering BEFORE RSI reversal,✅ RSI oversold (38.2) with rising trend - taking profit,0.87,1.00,NORMAL,3.70,RANGING
35,2026-08-18T07:31:39.491Z,2026-08-18T08:21:19.579Z,LONG,64264.00,64236.00,3.1100,-87.08,0.09,-87.17,-0.04,🟢 SLOWDOWN (30s, score: 1.00); RSI EXTREME oversold (15.6); ⏰ Entering BEFORE RSI reversal,✅ RSI overbought (74.9) with falling trend - taking profit,0.83,1.00,NORMAL,3.70,RANGING
36,2026-08-18T08:21:29.579Z,2026-08-18T11:52:20.029Z,SHORT,64236.00,64363.04,3.1100,-395.09,0.40,-395.49,-0.20,🔴 SLOWDOWN (1m, score: 1.00); RSI EXTREME overbought (74.9); ⏰ Entering BEFORE RSI reversal,✅ RSI oversold (26.9) with rising trend - taking profit,3.51,1.00,NORMAL,3.70,RANGING
37,2026-08-18T11:58:20.034Z,2026-08-18T14:31:10.363Z,SHORT,64350.00,65027.49,3.1000,-2100.22,2.10,-2102.32,-1.05,🔴 SLOWDOWN (30s, score: 1.00); RSI EXTREME overbought (68.2); ⏰ Entering BEFORE RSI reversal,🛑 Stop loss hit at 65027.49,2.55,1.00,NORMAL,5.31,RANGING
38,2026-08-18T14:34:00.365Z,2026-08-18T18:18:50.799Z,LONG,64804.47,64751.99,3.0800,-161.64,0.16,-161.80,-0.08,🟢 SLOWDOWN (15m, score: 1.00); RSI EXTREME oversold (42.4); ⏰ Entering BEFORE RSI reversal,✅ RSI overbought (77.1) with falling trend - taking profit,3.75,1.00,NORMAL,0.34,RANGING
39,2026-08-18T18:20:50.801Z,2026-08-18T23:11:01.419Z,SHORT,64759.89,64673.84,3.0800,265.03,0.27,264.77,0.13,🔴 SLOWDOWN (30s, score: 1.00); RSI EXTREME overbought (74.0); ⏰ Entering BEFORE RSI reversal,✅ RSI oversold (23.3) with rising trend - taking profit,4.84,1.00,NORMAL,5.33,RANGING
40,2026-08-18T23:11:21.419Z,2026-08-19T00:37:21.598Z,LONG,64673.84,64651.99,3.0900,-67.52,0.07,-67.58,-0.03,🟢 SLOWDOWN (5m, score: 1.00); RSI EXTREME oversold (44.9); ⏰ Entering BEFORE RSI reversal,✅ RSI overbought (63.6) with falling trend - taking profit,1.43,1.00,NORMAL,3.70,RANGING
41,2026-08-19T00:53:11.628Z,2026-08-19T01:54:31.731Z,LONG,64527.99,64427.05,3.0900,-311.90,0.31,-312.22,-0.16,🟢 SLOWDOWN (30s, score: 1.00); RSI EXTREME oversold (38.6); ⏰ Entering BEFORE RSI reversal,✅ RSI overbought (64.7) with falling trend - taking profit,1.02,1.00,NORMAL,5.24,RANGING
42,2026-08-19T01:54:41.732Z,2026-08-19T03:23:41.917Z,SHORT,64427.05,64384.00,3.1000,133.46,0.13,133.32,0.07,🔴 SLOWDOWN (1m, score: 1.00); RSI EXTREME overbought (64.7); ⏰ Entering BEFORE RSI reversal,✅ RSI oversold (37.6) with rising trend - taking profit,1.48,1.00,NORMAL,3.70,RANGING
43,2026-08-19T03:30:51.931Z,2026-08-19T06:22:12.215Z,LONG,64358.00,64272.30,3.1000,-265.67,0.27,-265.94,-0.13,🟢 SLOWDOWN (30s, score: 1.00); RSI EXTREME oversold (33.5); ⏰ Entering BEFORE RSI reversal,✅ RSI overbought (80.1) with falling trend - taking profit,2.86,1.00,NORMAL,5.12,RANGING
44,2026-08-19T06:22:32.226Z,2026-08-19T09:47:52.609Z,SHORT,64273.94,64368.18,3.1100,-293.09,0.29,-293.38,-0.15,🔴 SLOWDOWN (30s, score: 1.00); RSI EXTREME overbought (73.7); ⏰ Entering BEFORE RSI reversal,✅ RSI oversold (38.1) with rising trend - taking profit,3.42,1.00,NORMAL,2.86,RANGING
45,2026-08-19T09:48:22.601Z,2026-08-19T14:57:03.142Z,LONG,64368.19,65911.94,3.1000,4785.63,4.79,4780.84,2.40,🟢 SLOWDOWN (30s, score: 1.00); RSI EXTREME oversold (38.1); ⏰ Entering BEFORE RSI reversal,🎯 Take profit hit at 65911.94,5.14,1.00,NORMAL,5.85,RANGING
46,2026-08-19T14:57:43.118Z,2026-08-19T15:14:33.164Z,SHORT,65909.75,66683.33,3.0300,-2343.95,2.34,-2346.29,-1.17,🔴 SLOWDOWN (10s, score: 1.00); RSI EXTREME overbought (59.5); ⏰ Entering BEFORE RSI reversal,🛑 Stop loss hit at 66683.33,0.28,1.00,NORMAL,2.91,RANGING
47,2026-08-19T15:17:23.651Z,2026-08-19T15:32:43.203Z,SHORT,66758.58,68176.69,2.9900,-4240.15,4.24,-4244.39,-2.13,🔴 SLOWDOWN (5m, score: 1.00); RSI EXTREME overbought (57.8); ⏰ Entering BEFORE RSI reversal,🛑 Stop loss hit at 68176.69,0.26,1.00,NORMAL,5.39,RANGING
48,2026-08-19T15:59:13.232Z,2026-08-19T19:15:13.480Z,SHORT,68517.73,68174.00,2.9100,1000.25,1.00,999.25,0.50,🔴 SLOWDOWN (10s, score: 1.00); RSI EXTREME overbought (57.1); ⏰ Entering BEFORE RSI reversal,✅ RSI oversold (37.9) with rising trend - taking profit,3.27,1.00,NORMAL,0.52,RANGING
49,2026-08-19T19:18:43.485Z,2026-08-19T21:31:43.721Z,LONG,68320.01,69814.01,2.9200,4362.48,4.36,4358.12,2.18,🟢 SLOWDOWN (10s, score: 1.00); RSI EXTREME oversold (44.9); ⏰ Entering BEFORE RSI reversal,🎯 Take profit hit at 69814.01,2.22,1.00,NORMAL,1.20,RANGING
50,2026-08-19T21:32:03.722Z,2026-08-20T05:42:14.672Z,SHORT,69798.01,69533.76,2.8600,755.75,0.76,755.00,0.38,🔴 SLOWDOWN (10s, score: 1.00); RSI EXTREME overbought (57.5); ⏰ Entering BEFORE RSI reversal,⏰ Max holding time reached (8.2 hours),8.17,1.00,NORMAL,4.87,RANGING
51,2026-08-20T05:50:24.691Z,2026-08-20T08:12:24.986Z,LONG,69397.63,71062.00,2.8800,4793.39,4.79,4788.59,2.40,🟢 SLOWDOWN (1m, score: 1.00); RSI EXTREME oversold (37.7); ⏰ Entering BEFORE RSI reversal,🎯 Take profit hit at 71062.00,2.37,1.00,NORMAL,5.41,RANGING
52,2026-08-20T08:23:35.003Z,2026-08-20T11:02:15.309Z,LONG,71119.09,72092.01,2.8100,2733.91,2.73,2731.17,1.37,🟢 SLOWDOWN (10s, score: 1.00); RSI EXTREME oversold (44.2); ⏰ Entering BEFORE RSI reversal,✅ RSI overbought (66.2) with falling trend - taking profit,2.64,1.00,NORMAL,4.20,RANGING
53,2026-08-20T11:04:25.312Z,2026-08-20T13:32:05.602Z,SHORT,72076.01,71518.00,2.7700,1545.69,1.55,1544.14,0.77,🔴 SLOWDOWN (5m, score: 1.00); RSI EXTREME overbought (57.0); ⏰ Entering BEFORE RSI reversal,✅ RSI oversold (38.4) with rising trend - taking profit,2.46,1.00,NORMAL,0.98,RANGING
54,2026-08-20T13:33:45.611Z,2026-08-20T15:04:25.797Z,LONG,71607.95,72468.01,2.7900,2399.57,2.40,2397.17,1.20,🟢 SLOWDOWN (10s, score: 1.00); RSI EXTREME oversold (44.3); ⏰ Entering BEFORE RSI reversal,✅ RSI overbought (67.4) with falling trend - taking profit,1.51,1.00,NORMAL,1.46,RANGING
55,2026-08-20T15:05:25.807Z,2026-08-20T18:03:06.202Z,SHORT,72380.01,72603.99,2.7600,-618.18,0.62,-618.80,-0.31,🔴 SLOWDOWN (30s, score: 1.00); RSI EXTREME overbought (61.3); ⏰ Entering BEFORE RSI reversal,✅ RSI oversold (34.3) with rising trend - taking profit,2.96,1.00,NORMAL,0.82,RANGING
56,2026-08-20T18:03:46.206Z,2026-08-21T01:17:27.085Z,LONG,72652.00,74152.47,2.7500,4126.29,4.13,4122.17,2.06,🟢 SLOWDOWN (1m, score: 1.00); RSI EXTREME oversold (38.6); ⏰ Entering BEFORE RSI reversal,🎯 Take profit hit at 74152.47,7.23,1.00,NORMAL,2.40,RANGING
57,2026-08-21T01:19:37.103Z,2026-08-21T01:50:37.167Z,SHORT,74634.29,75486.76,2.6700,-2276.09,2.28,-2278.37,-1.14,🔴 SLOWDOWN (30s, score: 1.00); RSI EXTREME overbought (59.0); ⏰ Entering BEFORE RSI reversal,🛑 Stop loss hit at 75486.76,0.52,1.00,NORMAL,2.14,RANGING
58,2026-08-21T01:50:47.163Z,2026-08-21T02:47:27.296Z,SHORT,75438.74,74534.80,2.6500,2395.44,2.40,2393.05,1.20,🔴 SLOWDOWN (5m, score: 1.00); RSI EXTREME overbought (56.8); ⏰ Entering BEFORE RSI reversal,✅ RSI oversold (38.6) with rising trend - taking profit,0.94,1.00,NORMAL,5.91,RANGING
59,2026-08-21T02:49:07.299Z,2026-08-21T04:48:37.521Z,LONG,74485.66,75029.52,2.6800,1457.54,1.46,1456.09,0.73,🟢 SLOWDOWN (30s, score: 1.00); RSI EXTREME oversold (39.9); ⏰ Entering BEFORE RSI reversal,✅ RSI overbought (61.3) with falling trend - taking profit,1.99,1.00,NORMAL,0.54,RANGING
60,2026-08-21T04:55:27.540Z,2026-08-21T07:07:37.751Z,SHORT,75040.86,75813.12,2.6600,-2054.21,2.05,-2056.27,-1.03,🔴 SLOWDOWN (10s, score: 1.00); RSI EXTREME overbought (55.7); ⏰ Entering BEFORE RSI reversal,🛑 Stop loss hit at 75813.12,2.20,1.00,NORMAL,0.13,RANGING
61,2026-08-21T07:15:37.760Z,2026-08-21T08:30:57.921Z,SHORT,76392.74,77259.55,2.6100,-2262.37,2.26,-2264.64,-1.14,🔴 SLOWDOWN (30s, score: 0.90); RSI EXTREME overbought (62.3); ⏰ Entering BEFORE RSI reversal,🛑 Stop loss hit at 77259.55,1.26,1.00,NORMAL,0.29,RANGING
62,2026-08-21T08:35:17.930Z,2026-08-21T08:52:27.971Z,SHORT,77570.01,78421.01,2.5700,-2187.07,2.19,-2189.26,-1.10,🔴 SLOWDOWN (10s, score: 1.00); RSI EXTREME overbought (56.3); ⏰ Entering BEFORE RSI reversal,🛑 Stop loss hit at 78421.01,0.29,1.00,NORMAL,3.77,RANGING
63,2026-08-21T08:54:17.979Z,2026-08-21T11:36:18.301Z,SHORT,78560.99,76877.98,2.5400,4274.85,4.27,4270.57,2.14,🔴 SLOWDOWN (30s, score: 1.00); RSI EXTREME overbought (57.0); ⏰ Entering BEFORE RSI reversal,🎯 Take profit hit at 76877.98,2.70,1.00,NORMAL,2.78,RANGING
64,2026-08-21T11:39:18.303Z,2026-08-21T17:20:28.990Z,SHORT,77012.04,77272.00,2.5900,-673.30,0.67,-673.97,-0.34,🔴 SLOWDOWN (5m, score: 1.00); RSI EXTREME overbought (57.8); ⏰ Entering BEFORE RSI reversal,✅ RSI oversold (37.2) with rising trend - taking profit,5.69,1.00,NORMAL,5.77,RANGING
